{
  "file": "Christofides_tiny_0_5.txt",
  "n_ants": 100,
  "rho": 0.3,
  "alpha": 5,
  "beta": 3,
  "gamma": 7,
  "delta": 1,
  "Q": 1,
  "q0": 0.20,
  "max_iterations": 50,
  "p_mut": 0.30,
  "seed": 31,
  "min_pheromone" : 10e-3,
  "max_pheromone" : 10e5,
  "epsilon" : [9000, 5, 550],
  "dy" : [500, 0, 50],
  "cibaco": {
    "max_iterations" : 50,
    "k_fitness": 10e6,
    "indicators": ["eps", "hv", "r2"],
    "nmig": 4,
    "mu": 30,
    "s_energy" : 2
  },
  "ibaco-eps": {
    "max_iterations": 300,
    "k_fitness": 10e6
  },
  "ibaco-hv": {
    "max_iterations": 300,
    "k_fitness": 10e6
  },
  "ibaco-r2": {
    "max_iterations": 300,
    "w_r2":  [[0,0,1],
               [0,0.33336843,0.66663157],
               [0,0.66666837,0.33333163],
               [0,1,0],
               [0.33336422,0.66663578,0],
               [0.33336466,0,0.66663534],
               [0.33398353,0.33403976,0.33197671],
               [0.66663531,0.33336469,0],
               [0.66667155,0,0.33332845],
               [1,0,0]],
    "k_fitness": 10e6
  },
  "lns": {
    "max_iterations": 10,
    "w_t": 0.05,
    "temperature_decrement": 0.99,
    "n_removes": 20,
    "eta": 10e4,
    "w_vehicles": 1,
    "delta": 10e-3,
    "ub_1": 500,
    "ub_2": 800
  }
}
