{"min_time_tour": 3513.129941243068, "max_time_tour": 4246.944954289569, "avg_time_tour": 3862.335631765725, "min_arrival_time": 2, "max_arrival_time": 5, "avg_arrival_time": 3.4838709677419355, "min_vehicle": 60.73422307660829, "max_vehicle": 236.38178447831433, "avg_vehicle": 150.0388812192643, "n_solutions_archive": 31, "duration_segs": 716.6789667606354, "log_hypervolumen": [9393363.366163615, 9890299.399575597, 9890299.399575597, 9896567.722521972, 10065011.390576772, 10065011.390576772, 10065011.390576772, 10065011.390576772, 10065011.390576772, 10231587.538305042, 10231587.538305042, 10231587.538305042, 10231587.538305042, 10325081.522172254, 10325081.522172254, 10325081.522172254, 10325081.522172254, 10325081.522172254, 10325081.522172254, 10325081.522172254, 10325081.522172254, 10334029.004636116, 10334029.004636116, 10334029.004636116, 13077850.297504783, 13077850.297504783, 13077850.297504783, 13077850.297504783, 13077850.297504783, 13077850.297504783, 13077850.297504783, 13077850.297504783, 13077850.297504783, 13077850.297504783, 13077850.297504783, 13077850.297504783, 13077850.297504783, 13077850.297504783, 13194891.835523758, 13194891.835523758, 13194891.835523758, 13194891.835523758, 13194891.835523758, 13194891.835523758, 13194891.835523758, 13194891.835523758, 13194891.835523758, 13194891.835523758, 13194891.835523758, 13194891.835523758, 13194891.835523758, 13194891.835523758, 13194891.835523758, 13194891.835523758, 13194891.835523758, 13194891.835523758, 13194891.835523758, 13194891.835523758, 13194891.835523758, 13194891.835523758, 13194891.835523758, 13194891.835523758, 13194891.835523758, 13194891.835523758, 13194891.835523758, 13194891.835523758, 13194891.835523758, 13194891.835523758, 13194891.835523758, 13194891.835523758, 13194891.835523758, 13194891.835523758, 13194891.835523758, 13194891.835523758, 13194891.835523758, 13194891.835523758, 13194891.835523758, 13194891.835523758, 13194891.835523758, 13194891.835523758, 13194891.835523758, 13194891.835523758, 13194891.835523758, 13194891.835523758, 13194891.835523758, 13194891.835523758, 13194891.835523758, 13194891.835523758, 13194891.835523758, 13194891.835523758, 13194891.835523758, 13194891.835523758, 13194891.835523758, 13194891.835523758, 13194891.835523758, 13194891.835523758, 13194891.835523758, 13194891.835523758, 13194891.835523758, 13194891.835523758], "log_solutions_added": [10, 15, 15, 16, 18, 19, 19, 20, 20, 21, 21, 22, 22, 23, 23, 23, 23, 24, 24, 25, 25, 26, 26, 26, 27, 27, 27, 27, 27, 27, 27, 27, 27, 27, 27, 27, 27, 27, 28, 28, 28, 28, 28, 28, 28, 28, 28, 28, 28, 28, 28, 28, 28, 28, 28, 28, 28, 28, 28, 28, 28, 28, 28, 28, 28, 28, 29, 29, 29, 29, 29, 29, 29, 29, 31, 31, 31, 31, 31, 31, 31, 31, 31, 31, 31, 31, 31, 31, 31, 31, 31, 31, 31, 31, 31, 31, 31, 31, 31, 31]}